Animal ID,Found Location,At AAC,Intake Date,Type,Looks Like,Color,Sex,Age,Image Link
A808211,"2139 SAN
JACINTO AUSTIN 78703",Yes (come to the shelter),11/05/2019,Cat,Domestic Shorthair Mix,Black/White,Intact Male,3 weeks,http://www.petharbor.com/pet.asp?uaid=ASTN.A808211
A808093,812 AND HWY78612,Yes (come to the shelter),11/04/2019,Cat,Burmese Mix,Chocolate,Neutered Male,10 years,http://www.petharbor.com/pet.asp?uaid=ASTN.A808093
A808186,"BAHAN DRIVE 78617
(30.157123, -97.611102)",Yes (come to the shelter),11/05/2019,Dog,English Bulldog,Brown/White,Intact Female,1 year,http://www.petharbor.com/pet.asp?uaid=ASTN.A808186
A807919,"6001 OLEANDAR TRAIL
AUSTIN 78735
(30.251613, -97.883148)",Yes (come to the shelter),11/01/2019,Dog,Chihuahua Shorthair,White,Spayed Female,5 years,http://www.petharbor.com/pet.asp?uaid=ASTN.A807919
A808185,"BAHAN DRIVE 78617
(30.157123, -97.611102)",Yes (come to the shelter),11/05/2019,Dog,English Bulldog,Brown/White,Intact Female,3 years,http://www.petharbor.com/pet.asp?uaid=ASTN.A808185
A808112,"SOUTH WEST FIRST STREET
AUSTIN 78745",Yes (come to the shelter),11/04/2019,Dog,Pit Bull/Labrador Retriever,White/Blue,Intact Female,5 months,http://www.petharbor.com/pet.asp?uaid=ASTN.A808112
A808213,"10015 LAKE CREEK PARKWAY
AUSTIN 78729
(30.467082, -97.787465)",Yes (come to the shelter),11/06/2019,Dog,Chihuahua Longhair,Tan,Neutered Male,2 years,http://www.petharbor.com/pet.asp?uaid=ASTN.A808213
A736335,"12220 DWIGHT EISENHOWER STREET78653
(30.354341, -97.525606)",Yes (come to the shelter),11/02/2019,Dog,Pit Bull Mix,Tan/White,Intact Female,4 years,http://www.petharbor.com/pet.asp?uaid=ASTN.A736335
A808147,"7707 SOUTH IH35
AUSTIN 78744
(30.179421, -97.777444)",Yes (come to the shelter),11/04/2019,Dog,American Staffordshire Terrier/Pit Bull,Brown Brindle/White,Intact Male,4 years,http://www.petharbor.com/pet.asp?uaid=ASTN.A808147
A808024,"12034 RESEARCH BLVD
AUSTIN 78759
(30.424971, -97.751545)",Yes (come to the shelter),11/03/2019,Cat,Domestic Medium Hair,Tortie,Intact Female,7 weeks,http://www.petharbor.com/pet.asp?uaid=ASTN.A808024
A808148,"4341 NUCKOLS CROSSING ROAD
AUSTIN 78744",No (contact for more info),11/04/2019,Dog,German Shepherd Mix,Brown/Black,Intact Female,1 year,http://www.petharbor.com/pet.asp?uaid=ASTN.A808148
A807933,"7101 S MOPAC
AUSTIN 78749",Yes (come to the shelter),11/01/2019,Cat,Domestic Shorthair,Gray Tabby,Intact Male,5 months,http://www.petharbor.com/pet.asp?uaid=ASTN.A807933
A808181,"8913 CAPITOL DRIVE
AUSTIN 78753
(30.355716, -97.692523)",Yes (come to the shelter),11/05/2019,Cat,Domestic Shorthair,White,Intact Female,10 years,http://www.petharbor.com/pet.asp?uaid=ASTN.A808181
A808187,"1905 HEARTHSTONE DR
AUSTIN 78757
(30.366449, -97.721392)",Yes (come to the shelter),11/05/2019,Cat,Domestic Shorthair,Tortie,Intact Female,5 weeks,http://www.petharbor.com/pet.asp?uaid=ASTN.A808187
A808220,"6607 WAGON BEND
AUSTIN 78745",Yes (come to the shelter),11/06/2019,Dog,Pit Bull Mix,Blue/White,Intact Male,2 years,http://www.petharbor.com/pet.asp?uaid=ASTN.A808220
A808153,"15001 STRATHAVEN PASS
PFLUGERVILLE 78660
(30.434186, -97.652731)",No (contact for more info),11/04/2019,Dog,Chihuahua Shorthair,Tan,Intact Male,2 years,http://www.petharbor.com/pet.asp?uaid=ASTN.A808153
A808221,"6607 WAGON BEND
AUSTIN 78745",Yes (come to the shelter),11/06/2019,Dog,Chinese Sharpei Mix,Black,Intact Male,2 years,http://www.petharbor.com/pet.asp?uaid=ASTN.A808221
A807850,"8054 EXCHANGE DRIVE
AUSTIN 78754
(30.331168, -97.665932)",No (contact for more info),10/31/2019,Cat,Domestic Medium Hair,Black/White,Unknown,8 months,http://www.petharbor.com/pet.asp?uaid=ASTN.A807850
A808152,"LONGSPUR
AUSTIN 78753",Yes (come to the shelter),11/04/2019,Dog,Dachshund Mix,Black/Brown,Intact Male,2 years,http://www.petharbor.com/pet.asp?uaid=ASTN.A808152
A807958,"9704 CHUKAR CIRCLE
AUSTIN 78758
(30.374156, -97.709652)",Yes (come to the shelter),11/02/2019,Cat,Domestic Medium Hair,Orange Tabby/White,Unknown,1 year,http://www.petharbor.com/pet.asp?uaid=ASTN.A807958
A808081,"CORONADO HILLS
AUSTIN 78752",No (contact for more info),11/03/2019,Cat,Domestic Shorthair Mix,Black,Intact Male,4 weeks,http://www.petharbor.com/pet.asp?uaid=ASTN.A808081
A808149,"LONGSPUR
AUSTIN 78753",Yes (come to the shelter),11/04/2019,Dog,Dachshund Mix,Tan/White,Spayed Female,2 years,http://www.petharbor.com/pet.asp?uaid=ASTN.A808149
A808192,30 AND HIGHWAY78617,Yes (come to the shelter),11/05/2019,Dog,Labrador Retriever Mix,Yellow,Spayed Female,11 months,http://www.petharbor.com/pet.asp?uaid=ASTN.A808192
A808004,"410 WEST ODELL
AUSTIN 78752
(30.337921, -97.712484)",Yes (come to the shelter),11/02/2019,Cat,Domestic Shorthair Mix,Brown Tabby,Intact Male,8 weeks,http://www.petharbor.com/pet.asp?uaid=ASTN.A808004
A807871,"5800 TECHNI CENTER DR
AUSTIN 78721
(30.278441, -97.672073)",No (contact for more info),10/31/2019,Cat,Domestic Shorthair,White,Intact Male,3 weeks,http://www.petharbor.com/pet.asp?uaid=ASTN.A807871
A807964,"S COLETO STREET
AUSTIN 78702",Yes (come to the shelter),11/02/2019,Cat,Domestic Shorthair,Black Tabby/White,Intact Female,8 weeks,http://www.petharbor.com/pet.asp?uaid=ASTN.A807964
A808190,"2101 SPEEDWAY
AUSTIN 78712
(30.284255, -97.737348)",No (contact for more info),11/05/2019,Cat,Domestic Shorthair,Black/White,Intact Female,4 weeks,http://www.petharbor.com/pet.asp?uaid=ASTN.A808190
A766109,"12801 CEDER STREET78653
(30.345622, -97.52449)",Yes (come to the shelter),10/31/2019,Dog,Australian Shepherd Mix,Sable/White,Neutered Male,5 years,http://www.petharbor.com/pet.asp?uaid=ASTN.A766109
A807865,"11602 VILLAGE WAY DRIVE
AUSTIN 78745",Yes (come to the shelter),10/31/2019,Cat,Domestic Shorthair,Orange Tabby,Intact Male,5 weeks,http://www.petharbor.com/pet.asp?uaid=ASTN.A807865
A808080,"11511 METRIC BOULEVARD
AUSTIN 78758
(30.394863, -97.706386)",Yes (come to the shelter),11/03/2019,Cat,Domestic Shorthair,Orange Tabby,Neutered Male,6 years,http://www.petharbor.com/pet.asp?uaid=ASTN.A808080
A807861,"SOUTH WILLIAM CANNON DRIVE
AUSTIN 78745",Yes (come to the shelter),10/31/2019,Dog,Pit Bull,White/Black,Intact Female,1 year,http://www.petharbor.com/pet.asp?uaid=ASTN.A807861
A808071,"12034 RESEARCH BOULEVARD
AUSTIN 78759
(30.424971, -97.751545)",Yes (come to the shelter),11/03/2019,Cat,Domestic Shorthair,White/Calico,Spayed Female,1 year,http://www.petharbor.com/pet.asp?uaid=ASTN.A808071
A808191,"2101 SPEEDWAY
AUSTIN 78712
(30.284255, -97.737348)",No (contact for more info),11/05/2019,Cat,Domestic Shorthair,Black,Intact Female,4 weeks,http://www.petharbor.com/pet.asp?uaid=ASTN.A808191
A808188,"2206 BLUE MEADOW DRIVE
AUSTIN 78744
(30.181372, -97.763751)",Yes (come to the shelter),11/05/2019,Dog,Labrador Retriever Mix,Black/Tricolor,Intact Male,1 year,http://www.petharbor.com/pet.asp?uaid=ASTN.A808188
A808189,"2206 BLUE MEADOW DRIVE
AUSTIN 78744
(30.181372, -97.763751)",Yes (come to the shelter),11/05/2019,Dog,Labrador Retriever Mix,Tan/White,Intact Male,1 year,http://www.petharbor.com/pet.asp?uaid=ASTN.A808189
A807868,"12203 COTTAGE PROMENADE COURT
AUSTIN 78753
(30.391998, -97.663557)",No (contact for more info),10/31/2019,Dog,Labrador Retriever,Brown/Black,Unknown,3 months,http://www.petharbor.com/pet.asp?uaid=ASTN.A807868
A807875,"310 WEST TENTH STREET
AUSTIN 78701
(30.272635, -97.744464)",No (contact for more info),10/31/2019,Dog,Shih Tzu,Tan,Unknown,1 year,http://www.petharbor.com/pet.asp?uaid=ASTN.A807875
A808075,"CURLEW DRIVE AUSTIN 78748
(30.166107, -97.825259)",No (contact for more info),11/03/2019,Dog,American Bulldog Mix,White/Blue,Intact Female,6 weeks,http://www.petharbor.com/pet.asp?uaid=ASTN.A808075
A807867,"901 EAST SAINT JOHNS AVENUE
AUSTIN 78752
(30.331803, -97.701877)",No (contact for more info),10/31/2019,Dog,Chihuahua Shorthair,Tan,Unknown,7 months,http://www.petharbor.com/pet.asp?uaid=ASTN.A807867
A807866,"5700 CEDARDALE DRIVE
AUSTIN 78745
(30.206042, -97.779786)",No (contact for more info),10/31/2019,Cat,Domestic Shorthair,Brown Tabby,Unknown,3 months,http://www.petharbor.com/pet.asp?uaid=ASTN.A807866
A807998,"6107 IDLEWOOD COVE
AUSTIN 78745
(30.200347, -97.777948)",Yes (come to the shelter),11/02/2019,Cat,Domestic Shorthair,Brown Tabby/White,Intact Male,6 weeks,http://www.petharbor.com/pet.asp?uaid=ASTN.A807998
A807939,"8601 BLUFF SPRINGS
AUSTIN 78744
(30.165111, -97.769439)",Yes (come to the shelter),11/01/2019,Cat,Domestic Shorthair,Brown Tabby,Intact Male,2 months,http://www.petharbor.com/pet.asp?uaid=ASTN.A807939
A807957,"9704 CHUKAR CIRCLE
AUSTIN 78758
(30.374156, -97.709652)",Yes (come to the shelter),11/02/2019,Cat,Domestic Shorthair,Brown Tabby,Intact Female,2 months,http://www.petharbor.com/pet.asp?uaid=ASTN.A807957
A808005,"4925 CRAIGSWOOD DRIVE
AUSTIN 78725
(30.284198, -97.659912)",Yes (come to the shelter),11/02/2019,Dog,Pit Bull,Black/White,Intact Male,3 months,http://www.petharbor.com/pet.asp?uaid=ASTN.A808005
A807909,"EAST BEN WHITE BOULEVARD
AUSTIN 78741",Yes (come to the shelter),10/31/2019,Dog,German Shepherd,Black/Tan,Intact Male,3 months,http://www.petharbor.com/pet.asp?uaid=ASTN.A807909
A807907,"2503 E CESAR
CHAVEZ AUSTIN 78702",Yes (come to the shelter),10/31/2019,Cat,Domestic Shorthair,Black,Intact Female,8 weeks,http://www.petharbor.com/pet.asp?uaid=ASTN.A807907
A807908,"2835 SAN GABRIEL ST
AUSTIN 78705
(30.296295, -97.746995)",Yes (come to the shelter),10/31/2019,Dog,Border Collie Mix,Black/White,Intact Female,2 years,http://www.petharbor.com/pet.asp?uaid=ASTN.A807908
A807999,"6107 IDLEWOOD COVE
AUSTIN 78745
(30.200347, -97.777948)",Yes (come to the shelter),11/02/2019,Cat,Domestic Shorthair,Brown Tabby,Intact Male,6 weeks,http://www.petharbor.com/pet.asp?uaid=ASTN.A807999
A807927,"PTARMIGAN DRIVE
GROOSE AUSTIN 78758",Yes (come to the shelter),11/01/2019,Dog,Siberian Husky/Labrador Retriever,White,Intact Female,2 years,http://www.petharbor.com/pet.asp?uaid=ASTN.A807927
A808194,"1102 FLANNAGAN
AUSTIN 78704",Yes (come to the shelter),11/05/2019,Dog,Chihuahua Shorthair,Yellow,Intact Male,5 months,http://www.petharbor.com/pet.asp?uaid=ASTN.A808194
A807929,"7201 LEVANDER LOOP
AUSTIN 78702
(30.251079, -97.691727)",Yes (come to the shelter),11/01/2019,Dog,Alaskan Husky/German Shepherd,Tan/White,Intact Female,1 year,http://www.petharbor.com/pet.asp?uaid=ASTN.A807929
A808157,"1205 CITATION
AUSTIN 78617
(30.225625, -97.52091)",Yes (come to the shelter),11/04/2019,Cat,Domestic Shorthair Mix,Calico,Intact Female,6 months,http://www.petharbor.com/pet.asp?uaid=ASTN.A808157
A808108,"15500 SUN LIGHT NEAR WAY
PFLUGERVILLE 78660
(30.415705, -97.595303)",Yes (come to the shelter),11/04/2019,Dog,Border Collie Mix,Black/White,Intact Female,2 years,http://www.petharbor.com/pet.asp?uaid=ASTN.A808108
A807934,"EAST TWELTH STREET
AUSTIN 78721",No (contact for more info),11/01/2019,Dog,Boxer,Brown Brindle/White,Unknown,1 year,http://www.petharbor.com/pet.asp?uaid=ASTN.A807934
A807883,"8500 PANADERO DR
AUSTIN 78744
(30.153937, -97.744737)",Yes (come to the shelter),10/31/2019,Dog,Great Pyrenees,White/White,Intact Male,11 months,http://www.petharbor.com/pet.asp?uaid=ASTN.A807883
A803080,"6010 EAST RIVERSIDE DRIVE
AUSTIN 78741
(30.226402, -97.706476)",Yes (come to the shelter),11/05/2019,Dog,Pit Bull,Black/White,Spayed Female,2 years,http://www.petharbor.com/pet.asp?uaid=ASTN.A803080
A808006,"4925 CRAIGSWOOD DRIVE
AUSTIN 78725
(30.284198, -97.659912)",Yes (come to the shelter),11/02/2019,Dog,Pit Bull,Tan/Black,Intact Female,3 months,http://www.petharbor.com/pet.asp?uaid=ASTN.A808006
A808000,"6107 IDLEWOOD COVE
AUSTIN 78745
(30.200347, -97.777948)",Yes (come to the shelter),11/02/2019,Cat,Domestic Shorthair,White/Black,Intact Female,6 weeks,http://www.petharbor.com/pet.asp?uaid=ASTN.A808000
A808201,"515 VARGAS ROAD
AUSTIN 78741
(30.237389, -97.691189)",Yes (come to the shelter),11/05/2019,Cat,Domestic Shorthair,Orange Tabby,Intact Male,3 weeks,http://www.petharbor.com/pet.asp?uaid=ASTN.A808201
A807923,"8406 GARCREEK CIRCLE
AUSTIN 78724
(30.294419, -97.628815)",Yes (come to the shelter),11/01/2019,Dog,Miniature Schnauzer Mix,Black,Intact Male,4 years,http://www.petharbor.com/pet.asp?uaid=ASTN.A807923
A808199,"AUSTIN 78759
(30.40316, -97.753727)",Yes (come to the shelter),11/05/2019,Cat,Domestic Shorthair,Orange Tabby,Neutered Male,4 years,http://www.petharbor.com/pet.asp?uaid=ASTN.A808199
A808156,"1205 CITATION
AUSTIN 78617
(30.225625, -97.52091)",Yes (come to the shelter),11/04/2019,Cat,Domestic Shorthair Mix,Calico,Intact Female,6 months,http://www.petharbor.com/pet.asp?uaid=ASTN.A808156
A807968,"11404 WALNUT RIDGE DRIVE
AUSTIN 78753
(30.376685, -97.667742)",Yes (come to the shelter),11/02/2019,Cat,Domestic Shorthair Mix,Calico,Intact Female,5 months,http://www.petharbor.com/pet.asp?uaid=ASTN.A807968
A808164,"1205 CITATION
AUSTIN 78617
(30.225625, -97.52091)",Yes (come to the shelter),11/04/2019,Cat,Domestic Shorthair Mix,Gray Tabby/White,Intact Female,1 year,http://www.petharbor.com/pet.asp?uaid=ASTN.A808164
A808094,"8117 WILLET TRL
A AUSTIN 78745
(30.196819, -97.828042)",Yes (come to the shelter),11/04/2019,Cat,Domestic Medium Hair,Blue,Spayed Female,15 years,http://www.petharbor.com/pet.asp?uaid=ASTN.A808094
A808165,"1205 CITATION
AUSTIN 78617
(30.225625, -97.52091)",Yes (come to the shelter),11/04/2019,Cat,Siamese Mix,Lilac Point/White,Intact Male,1 year,http://www.petharbor.com/pet.asp?uaid=ASTN.A808165
A777113,"WELLLINGTON DRIVE AUSTIN 78723
(30.30723, -97.686715)",No (contact for more info),11/04/2019,Dog,Chihuahua Shorthair Mix,Black,Intact Female,1 year,http://www.petharbor.com/pet.asp?uaid=ASTN.A777113
A807884,"10700 METRIC BLVD
AUSTIN 78758
(30.386568, -97.711644)",No (contact for more info),10/31/2019,Cat,Domestic Shorthair,Brown Tabby,Intact Female,5 weeks,http://www.petharbor.com/pet.asp?uaid=ASTN.A807884
A807940,"6907 DEBORAH DRIVE
AUSTIN 78752
(30.332552, -97.710036)",Yes (come to the shelter),11/01/2019,Dog,Bloodhound,Brown,Intact Male,2 years,http://www.petharbor.com/pet.asp?uaid=ASTN.A807940
A807887,"6407 SPRINGDALE ROAD
AUSTIN 78723
(30.306527, -97.669867)",Yes (come to the shelter),10/31/2019,Dog,Chihuahua Shorthair,Tan/Black,Intact Male,6 years,http://www.petharbor.com/pet.asp?uaid=ASTN.A807887
A808001,"6107 IDLEWOOD COVE
AUSTIN 78745
(30.200347, -97.777948)",Yes (come to the shelter),11/02/2019,Cat,Domestic Shorthair,Black,Intact Female,6 weeks,http://www.petharbor.com/pet.asp?uaid=ASTN.A808001
A807902,"4600 GUADALUPE STREET
AUSTIN 78751
(30.312818, -97.731684)",Yes (come to the shelter),10/31/2019,Cat,Domestic Shorthair,Blue,Intact Male,8 weeks,http://www.petharbor.com/pet.asp?uaid=ASTN.A807902
A808026,"1156 W CESAR CHAVEZ STREET
AUSTIN 78703
(30.268929, -97.760472)",Yes (come to the shelter),11/03/2019,Dog,Labrador Retriever,Red,Intact Male,3 months,http://www.petharbor.com/pet.asp?uaid=ASTN.A808026
A807872,"5800 TECHNI CENTER DR
AUSTIN 78721
(30.278441, -97.672073)",No (contact for more info),10/31/2019,Cat,Domestic Shorthair,White,Intact Female,3 weeks,http://www.petharbor.com/pet.asp?uaid=ASTN.A807872
A807873,"5800 TECHNI CENTER DR
AUSTIN 78721
(30.278441, -97.672073)",No (contact for more info),10/31/2019,Cat,Domestic Shorthair,White,Intact Female,3 weeks,http://www.petharbor.com/pet.asp?uaid=ASTN.A807873
A807874,"5800 TECHNI CENTER DR
AUSTIN 78721
(30.278441, -97.672073)",No (contact for more info),10/31/2019,Cat,Domestic Shorthair,White,Intact Female,3 weeks,http://www.petharbor.com/pet.asp?uaid=ASTN.A807874
A807950,"DAVIS LANE
AUSTIN 78745",Yes (come to the shelter),11/01/2019,Dog,Pit Bull,Brown Brindle/White,Spayed Female,1 year,http://www.petharbor.com/pet.asp?uaid=ASTN.A807950
A618334,"12820 NORTH LAMAR BOULEVARD
AUSTIN 78753
(30.413572, -97.677613)",Yes (come to the shelter),11/01/2019,Dog,Yorkshire Terrier Mix,Tan/Silver,Spayed Female,8 years,http://www.petharbor.com/pet.asp?uaid=ASTN.A618334
A808029,"10625 WEST PARMER LANE
AUSTIN 78717
(30.500131, -97.776614)",Yes (come to the shelter),11/03/2019,Cat,Domestic Shorthair,Brown Tabby/White,Intact Male,3 months,http://www.petharbor.com/pet.asp?uaid=ASTN.A808029
A807965,"5415 APPLE ORCHARD LANE
AUSTIN 78744
(30.199377, -97.729547)",Yes (come to the shelter),11/02/2019,Dog,Maltese Mix,Tan/White,Intact Male,1 year,http://www.petharbor.com/pet.asp?uaid=ASTN.A807965
A807967,"11404 WALNUT RIDGE DRIVE
AUSTIN 78753
(30.376685, -97.667742)",Yes (come to the shelter),11/02/2019,Cat,Domestic Shorthair Mix,White/Black,Intact Female,5 months,http://www.petharbor.com/pet.asp?uaid=ASTN.A807967
A709018,"JONES ROAD
AUSTIN 78745",Yes (come to the shelter),10/31/2019,Dog,Pit Bull Mix,Black/White,Neutered Male,5 years,http://www.petharbor.com/pet.asp?uaid=ASTN.A709018
A807890,KILLINGSWORTH LANE78660,No (contact for more info),10/31/2019,Dog,German Shepherd/Labrador Retriever,Tan,Intact Female,4 weeks,http://www.petharbor.com/pet.asp?uaid=ASTN.A807890
A807891,KILLINGSWORTH LANE78660,No (contact for more info),10/31/2019,Dog,German Shepherd/Labrador Retriever,Tan,Intact Male,4 weeks,http://www.petharbor.com/pet.asp?uaid=ASTN.A807891
A807892,KILLINGSWORTH LANE78660,No (contact for more info),10/31/2019,Dog,German Shepherd/Labrador Retriever,Tan,Intact Male,4 weeks,http://www.petharbor.com/pet.asp?uaid=ASTN.A807892
A807900,"14400 DEWBERRY DRIVE
PFLUGERVILLE 78660
(30.41491, -97.631343)",Yes (come to the shelter),10/31/2019,Dog,Boxer Mix,Red/White,Intact Male,1 year,http://www.petharbor.com/pet.asp?uaid=ASTN.A807900
A807899,"1707 EAST SIXTH STREET
AUSTIN 78702
(30.26221, -97.724025)",Yes (come to the shelter),10/31/2019,Cat,Domestic Shorthair,Black,Spayed Female,2 years,http://www.petharbor.com/pet.asp?uaid=ASTN.A807899
A807893,KILLINGSWORTH LANE78660,No (contact for more info),10/31/2019,Dog,German Shepherd/Labrador Retriever,Black/Tricolor,Intact Female,4 weeks,http://www.petharbor.com/pet.asp?uaid=ASTN.A807893
A808028,"7317 RHETT PL
AUSTIN 78744
(30.167477, -97.742604)",Yes (come to the shelter),11/03/2019,Dog,Anatolian Shepherd Mix,White,Intact Male,2 years,http://www.petharbor.com/pet.asp?uaid=ASTN.A808028
A807974,"6005 LEISURE RUN ROAD
AUSTIN 78745
(30.204586, -97.78505)",Yes (come to the shelter),11/02/2019,Cat,Domestic Medium Hair Mix,Blue/White,Intact Male,7 weeks,http://www.petharbor.com/pet.asp?uaid=ASTN.A807974
A807996,"6107 IDLEWOOD COVE
AUSTIN 78745
(30.200347, -97.777948)",Yes (come to the shelter),11/02/2019,Cat,Domestic Shorthair,Brown Tabby/White,Intact Male,6 weeks,http://www.petharbor.com/pet.asp?uaid=ASTN.A807996
A807997,"6107 IDLEWOOD COVE
AUSTIN 78745
(30.200347, -97.777948)",Yes (come to the shelter),11/02/2019,Cat,Domestic Shorthair,Brown Tabby/White,Intact Female,6 weeks,http://www.petharbor.com/pet.asp?uaid=ASTN.A807997
A807987,"1601 EAST SLAUGHTER LANE
AUSTIN 78747
(30.152714, -97.768598)",No (contact for more info),11/02/2019,Cat,Domestic Shorthair,Brown Tabby,Intact Female,4 weeks,http://www.petharbor.com/pet.asp?uaid=ASTN.A807987
A490230,"5208 GARDEN OAKS DRIVE
AUSTIN 78745",Yes (come to the shelter),11/02/2019,Cat,Domestic Shorthair Mix,Brown Tabby/White,Intact Male,12 years,http://www.petharbor.com/pet.asp?uaid=ASTN.A490230
A794270,"2905 PARKER LANE
AUSTIN 78741
(30.225805, -97.741464)",Yes (come to the shelter),11/02/2019,Dog,Pug Mix,Fawn,Intact Female,1 year,http://www.petharbor.com/pet.asp?uaid=ASTN.A794270
A808010,"7100 E HWY
AUSTIN 78723",Yes (come to the shelter),11/02/2019,Cat,Domestic Shorthair,Tortie Point,Intact Female,6 years,http://www.petharbor.com/pet.asp?uaid=ASTN.A808010
A807973,"841 AIRPORT BOULEVARD
AUSTIN 78702
(30.257771, -97.693214)",Yes (come to the shelter),11/02/2019,Cat,Domestic Shorthair,Black/White,Intact Male,2 years,http://www.petharbor.com/pet.asp?uaid=ASTN.A807973
A799282,"300 E GRADY
AUSTIN 78753
(30.373144, -97.683789)",Yes (come to the shelter),11/03/2019,Dog,German Shepherd,Black/Tan,Spayed Female,1 year,http://www.petharbor.com/pet.asp?uaid=ASTN.A799282
A808083,"9002 ROCKCREST
AUSTIN 78759
(30.384999, -97.749034)",No (contact for more info),11/03/2019,Cat,Domestic Shorthair Mix,Black,Unknown,2 years,http://www.petharbor.com/pet.asp?uaid=ASTN.A808083
A808082,"3600 PRESIDENTIAL BOULEVARD
AUSTIN 78719
(30.202653, -97.667267)",Yes (come to the shelter),11/03/2019,Dog,Pit Bull,Blue/White,Intact Female,1 year,http://www.petharbor.com/pet.asp?uaid=ASTN.A808082
A806767,"3701 BONNIE ROAD
AUSTIN 78703
(30.296146, -97.781663)",Yes (come to the shelter),11/02/2019,Cat,Domestic Shorthair Mix,Orange Tabby,Unknown,1 year,http://www.petharbor.com/pet.asp?uaid=ASTN.A806767
A781697,"7111 GRAND CANYON
AUSTIN 78752
(30.32784, -97.694498)",Yes (come to the shelter),11/03/2019,Dog,Cairn Terrier,White/Brown,Spayed Female,2 years,http://www.petharbor.com/pet.asp?uaid=ASTN.A781697
A807972,"5208 GARDEN OAKS DRIVE
AUSTIN 78745",Yes (come to the shelter),11/02/2019,Cat,Domestic Shorthair Mix,Cream Tabby,Neutered Male,7 years,http://www.petharbor.com/pet.asp?uaid=ASTN.A807972
A807977,"1200 EAST PARMER LANE
AUSTIN 78753
(30.395059, -97.653607)",No (contact for more info),11/02/2019,Cat,Domestic Shorthair Mix,Black,Intact Male,8 weeks,http://www.petharbor.com/pet.asp?uaid=ASTN.A807977
A807978,"1200 EAST PARMER LANE
AUSTIN 78753
(30.395059, -97.653607)",No (contact for more info),11/02/2019,Cat,Domestic Shorthair Mix,Black/White,Intact Male,8 weeks,http://www.petharbor.com/pet.asp?uaid=ASTN.A807978
A808077,"CURLEW DRIVE AUSTIN 78748
(30.166107, -97.825259)",No (contact for more info),11/03/2019,Dog,American Bulldog Mix,White/Blue,Intact Male,6 weeks,http://www.petharbor.com/pet.asp?uaid=ASTN.A808077
A807993,183 AUSTIN78758,Yes (come to the shelter),11/02/2019,Dog,Pointer/Border Collie,Black/Gray,Intact Female,4 months,http://www.petharbor.com/pet.asp?uaid=ASTN.A807993
A807986,"12916 JOHN ADAMS ST78653
(30.354968, -97.519162)",Yes (come to the shelter),11/02/2019,Dog,Pit Bull/Boxer,Tan/White,Intact Male,2 years,http://www.petharbor.com/pet.asp?uaid=ASTN.A807986
A808016,"5012 RED BLUFF ROAD
AUSTIN 78702
(30.250435, -97.69913)",No (contact for more info),11/02/2019,Cat,Domestic Shorthair Mix,Black/White,Unknown,1 year,http://www.petharbor.com/pet.asp?uaid=ASTN.A808016
A808012,"9010 SEDGEMOOR TRAIL
AUSTIN 78748
(30.182601, -97.821361)",Yes (come to the shelter),11/02/2019,Cat,Domestic Shorthair,Black/White,Intact Female,3 months,http://www.petharbor.com/pet.asp?uaid=ASTN.A808012
A808019,"5250 EAST WILLIAM CANNON DRIVE
AUSTIN 78744
(30.18008, -97.747847)",No (contact for more info),11/02/2019,Dog,Doberman Pinsch,Chocolate/Tan,Intact Male,2 years,http://www.petharbor.com/pet.asp?uaid=ASTN.A808019
A808013,"9010 SEDGEMOOR TRAIL
AUSTIN 78748
(30.182601, -97.821361)",Yes (come to the shelter),11/02/2019,Cat,Domestic Shorthair,Black/White,Intact Female,3 months,http://www.petharbor.com/pet.asp?uaid=ASTN.A808013
A808014,"9010 SEDGEMOOR TRAIL
AUSTIN 78748
(30.182601, -97.821361)",Yes (come to the shelter),11/02/2019,Cat,Domestic Shorthair,Blue/White,Intact Female,1 year,http://www.petharbor.com/pet.asp?uaid=ASTN.A808014
A808015,"12911 MODENA TRAIL
AUSTIN 78729
(30.446732, -97.760594)",No (contact for more info),11/02/2019,Cat,Domestic Shorthair,Black,Unknown,1 year,http://www.petharbor.com/pet.asp?uaid=ASTN.A808015
A808031,"SOUTH WILLIAM CANNON
AUSTIN 78745",Yes (come to the shelter),11/03/2019,Dog,Chihuahua Shorthair Mix,Red/White,Intact Female,1 year,http://www.petharbor.com/pet.asp?uaid=ASTN.A808031
A808084,"4901 TERRI ROAD
AUSTIN 78744
(30.195334, -97.740251)",Yes (come to the shelter),11/03/2019,Dog,Australian Cattle Dog Mix,Brown/Tricolor,Intact Female,1 year,http://www.petharbor.com/pet.asp?uaid=ASTN.A808084
A808096,"2200 SOUTH FIRST STREET
AUSTIN 78704
(30.244491, -97.757695)",Yes (come to the shelter),11/04/2019,Cat,Domestic Shorthair,Orange Tabby/White,Neutered Male,11 years,http://www.petharbor.com/pet.asp?uaid=ASTN.A808096
A808095,"5900 E BEN WHITE BLVD
AUSTIN 78741
(30.213605, -97.718869)",Yes (come to the shelter),11/04/2019,Dog,Pit Bull,Brown/White,Intact Female,2 years,http://www.petharbor.com/pet.asp?uaid=ASTN.A808095
A804542,"930 E RUNDBERG LN
AUSTIN 78753
(30.356584, -97.685161)",Yes (come to the shelter),11/05/2019,Dog,German Shepherd,Tan,Neutered Male,2 years,http://www.petharbor.com/pet.asp?uaid=ASTN.A804542
A808086,"940 EAST 55TH STREET
AUSTIN 78751
(30.314718, -97.70929)",No (contact for more info),11/03/2019,Dog,American Bulldog Mix,White/Black,Intact Male,1 year,http://www.petharbor.com/pet.asp?uaid=ASTN.A808086
A808085,"12829 WHITE HOUSE STREET MANOR78653
(30.351951, -97.520223)",No (contact for more info),11/03/2019,Dog,Chihuahua Shorthair,Tan/White,Intact Male,1 year,http://www.petharbor.com/pet.asp?uaid=ASTN.A808085
A808087,"183 AND LAZY LANE
AUSTIN 78757",No (contact for more info),11/03/2019,Dog,Chihuahua Shorthair/Dachshund,White/Brown,Intact Male,1 year,http://www.petharbor.com/pet.asp?uaid=ASTN.A808087
A808100,"2407 CANTERBURY DR
AUSTIN 78702",Yes (come to the shelter),11/04/2019,Dog,Miniature Pinscher Mix,Blue/Tan,Intact Male,9 months,http://www.petharbor.com/pet.asp?uaid=ASTN.A808100
A808208,"5119 EAST 7TH STREET
AUSTIN 78702
(30.252499, -97.696437)",Yes (come to the shelter),11/05/2019,Dog,Miniature Schnauzer/Labrador Retriever,Black/White,Intact Female,1 year,http://www.petharbor.com/pet.asp?uaid=ASTN.A808208
A808206,"1626 AUSTIN78652
(29.691823, -97.680293)",Yes (come to the shelter),11/05/2019,Dog,Labrador Retriever Mix,Black/White,Intact Female,5 months,http://www.petharbor.com/pet.asp?uaid=ASTN.A808206
A808098,"9704 CHUKAR CIRCLE
AUSTIN 78758
(30.374156, -97.709652)",Yes (come to the shelter),11/04/2019,Cat,Domestic Shorthair,Calico,Intact Female,1 year,http://www.petharbor.com/pet.asp?uaid=ASTN.A808098
A808103,"12700 HILL COUNTRY BOULEVARD
BEE CAVE 78738
(30.307712, -97.934779)",Yes (come to the shelter),11/04/2019,Dog,German Wirehaired Pointer,Tricolor,Intact Female,1 year,http://www.petharbor.com/pet.asp?uaid=ASTN.A808103
A808099,"6226 MIDDLE FISKVILLE ROAD
AUSTIN 78752
(30.324338, -97.709631)",Yes (come to the shelter),11/04/2019,Dog,Siberian Husky,Black/Gray,Spayed Female,5 years,http://www.petharbor.com/pet.asp?uaid=ASTN.A808099
A808209,"EAST SPRINGDALE ROAD
AUSTIN 78721",No (contact for more info),11/05/2019,Dog,Pit Bull,Tricolor,Intact Female,1 year,http://www.petharbor.com/pet.asp?uaid=ASTN.A808209
A802050,"EAST TWELTH STREET
AUSTIN 78723",No (contact for more info),11/05/2019,Dog,Staffordshire Mix,White/Brown,Neutered Male,2 years,http://www.petharbor.com/pet.asp?uaid=ASTN.A802050
A619261,"EMERALD WOOD DR AUSTIN 78745
(30.206782, -97.798214)",Yes (come to the shelter),11/05/2019,Dog,Pit Bull Mix,Fawn/White,Neutered Male,8 years,http://www.petharbor.com/pet.asp?uaid=ASTN.A619261
A808101,"1601 EAST SLAUGHTER LANE
AUSTIN 78747
(30.152714, -97.768598)",No (contact for more info),11/04/2019,Cat,Domestic Shorthair,Brown Tabby/White,Intact Female,4 weeks,http://www.petharbor.com/pet.asp?uaid=ASTN.A808101
A808102,"1601 EAST SLAUGHTER LANE
AUSTIN 78747
(30.152714, -97.768598)",No (contact for more info),11/04/2019,Cat,Domestic Shorthair,Brown Tabby/White,Intact Male,4 weeks,http://www.petharbor.com/pet.asp?uaid=ASTN.A808102
A808049,2222 AUSTIN78726,Yes (come to the shelter),11/03/2019,Dog,Pit Bull/Australian Cattle Dog,Black/White,Spayed Female,2 years,http://www.petharbor.com/pet.asp?uaid=ASTN.A808049
A808042,"3320 FM
AUSTIN 78617",Yes (come to the shelter),11/03/2019,Cat,Ragdoll Mix,Lilac Point,Intact Female,1 year,http://www.petharbor.com/pet.asp?uaid=ASTN.A808042
A808113,35 AUSTIN78752,Yes (come to the shelter),11/04/2019,Cat,Domestic Shorthair,White/Black,Intact Male,4 months,http://www.petharbor.com/pet.asp?uaid=ASTN.A808113
A808105,"9500 IH
SOUTH AUSTIN 78748",Yes (come to the shelter),11/04/2019,Dog,Australian Cattle Dog Mix,Brown/Tricolor,Intact Male,2 years,http://www.petharbor.com/pet.asp?uaid=ASTN.A808105
A808106,"7312 COIT ROAD
AUSTIN 78744
(30.159122, -97.7156)",No (contact for more info),11/04/2019,Dog,Labrador Retriever/Scottish Terrier,Black,Unknown,1 year,http://www.petharbor.com/pet.asp?uaid=ASTN.A808106
A808117,"LEVANDER
AUSTIN 78702",No (contact for more info),11/04/2019,Dog,Australian Cattle Dog Mix,Tricolor,Unknown,8 years,http://www.petharbor.com/pet.asp?uaid=ASTN.A808117
A808104,ROSS ROAD78617,No (contact for more info),11/04/2019,Dog,Pembroke Welsh Corgi Mix,Tricolor,Intact Male,2 years,http://www.petharbor.com/pet.asp?uaid=ASTN.A808104
A793977,"5400 NORTH LAMAR BOULEVARD
AUSTIN 78751
(30.321902, -97.728874)",Yes (come to the shelter),11/05/2019,Dog,Australian Kelpie Mix,Brown/White,Spayed Female,2 years,http://www.petharbor.com/pet.asp?uaid=ASTN.A793977
A808111,"13021 DESSAU ROAD
AUSTIN 78754
(30.399451, -97.641014)",No (contact for more info),11/04/2019,Cat,Domestic Shorthair Mix,Gray Tabby,Intact Male,8 months,http://www.petharbor.com/pet.asp?uaid=ASTN.A808111
A808120,"801 GARNER AVENUE
AUSTIN 78704
(30.260033, -97.765637)",No (contact for more info),11/04/2019,Dog,Siberian Husky Mix,Gray/Black,Intact Female,1 year,http://www.petharbor.com/pet.asp?uaid=ASTN.A808120
A808048,"6115 FELIX AVENUE
AUSTIN 78741
(30.236169, -97.698599)",Yes (come to the shelter),11/03/2019,Dog,Pit Bull,Blue/White,Intact Female,9 months,http://www.petharbor.com/pet.asp?uaid=ASTN.A808048
A808050,"12800 HARRISGLEN DR
AUSTIN 78753
(30.400032, -97.652722)",No (contact for more info),11/03/2019,Dog,Maltese Mix,White,Intact Female,7 years,http://www.petharbor.com/pet.asp?uaid=ASTN.A808050
A808044,"6408 MULESHOE BEND TRL78654
(30.506386, -98.076334)",Yes (come to the shelter),11/03/2019,Cat,Domestic Shorthair,Black/White,Spayed Female,2 years,http://www.petharbor.com/pet.asp?uaid=ASTN.A808044
A808043,"5800 TECHNI CENTER DRIVE
AUSTIN 78721
(30.278441, -97.672073)",Yes (come to the shelter),11/03/2019,Cat,Domestic Medium Hair,Brown Tabby,Intact Female,8 weeks,http://www.petharbor.com/pet.asp?uaid=ASTN.A808043
A808045,"5800 TECHNI CENTER DRIVE
AUSTIN 78721
(30.278441, -97.672073)",Yes (come to the shelter),11/03/2019,Cat,Domestic Medium Hair,Brown Tabby,Intact Female,8 weeks,http://www.petharbor.com/pet.asp?uaid=ASTN.A808045
A808046,"5800 TECHNI CENTER DRIVE
AUSTIN 78721
(30.278441, -97.672073)",Yes (come to the shelter),11/03/2019,Cat,Domestic Medium Hair,Brown Tabby,Intact Female,8 weeks,http://www.petharbor.com/pet.asp?uaid=ASTN.A808046
A808052,"8TH STREEY
AUSTIN 78702",Yes (come to the shelter),11/03/2019,Cat,Domestic Shorthair,Black/White,Intact Female,2 months,http://www.petharbor.com/pet.asp?uaid=ASTN.A808052
A808055,"9801 CURLEW DRIVE
AUSTIN 78748
(30.178201, -97.833579)",Yes (come to the shelter),11/03/2019,Cat,Russian Blue,Blue,Neutered Male,3 years,http://www.petharbor.com/pet.asp?uaid=ASTN.A808055
A808116,"LENWOOD COURT
AUSTIN 78738",Yes (come to the shelter),11/04/2019,Cat,Siamese Mix,Blue Point,Spayed Female,10 years,http://www.petharbor.com/pet.asp?uaid=ASTN.A808116
A808053,"3104 ROBINSON AVENUE
AUSTIN 78722
(30.288491, -97.72208)",Yes (come to the shelter),11/03/2019,Cat,Domestic Shorthair,Brown Tabby,Unknown,2 years,http://www.petharbor.com/pet.asp?uaid=ASTN.A808053
A808114,"8023 COULVER ROAD
AUSTIN 78747
(30.121226, -97.734411)",Yes (come to the shelter),11/04/2019,Dog,Chihuahua Shorthair,Black/Brown,Intact Male,2 years,http://www.petharbor.com/pet.asp?uaid=ASTN.A808114
A808173,"1909 EAST WILLIAM CANNON DRIVE
AUSTIN 78744
(30.188056, -97.764473)",Yes (come to the shelter),11/05/2019,Dog,Dachshund,Brown,Spayed Female,3 years,http://www.petharbor.com/pet.asp?uaid=ASTN.A808173
A808115,"8023 COULVER ROAD
AUSTIN 78747
(30.121226, -97.734411)",Yes (come to the shelter),11/04/2019,Dog,Chihuahua Shorthair,Black/Brown,Intact Female,2 years,http://www.petharbor.com/pet.asp?uaid=ASTN.A808115
A808172,"4500 WELETKA DRIVE
AUSTIN 78734
(30.404815, -97.925919)",Yes (come to the shelter),11/05/2019,Dog,Mastiff/Black Mouth Cur,Tan/Black,Intact Female,7 weeks,http://www.petharbor.com/pet.asp?uaid=ASTN.A808172
A808121,"7215 CAMERON ROAD
AUSTIN 78752
(30.327057, -97.691583)",Yes (come to the shelter),11/04/2019,Dog,Australian Cattle Dog,White/Red,Intact Male,3 months,http://www.petharbor.com/pet.asp?uaid=ASTN.A808121
A808122,"7215 CAMERON ROAD
AUSTIN 78752
(30.327057, -97.691583)",Yes (come to the shelter),11/04/2019,Dog,Chihuahua Longhair/Australian Cattle Dog,White/Red,Intact Male,1 year,http://www.petharbor.com/pet.asp?uaid=ASTN.A808122
A808056,"1601 EAST SLAUGHTER LANE
AUSTIN 78747
(30.152714, -97.768598)",No (contact for more info),11/03/2019,Cat,Domestic Shorthair,Brown Tabby,Intact Female,4 weeks,http://www.petharbor.com/pet.asp?uaid=ASTN.A808056
A807768,"TEXAS OAKS
AUSTIN 78748",Yes (come to the shelter),11/02/2019,Dog,Great Pyrenees,White,Neutered Male,7 years,http://www.petharbor.com/pet.asp?uaid=ASTN.A807768
A808134,"6012 PERLITA DRIVE
AUSTIN 78724
(30.292023, -97.644186)",Yes (come to the shelter),11/04/2019,Dog,Border Collie Mix,Black/White,Intact Male,4 weeks,http://www.petharbor.com/pet.asp?uaid=ASTN.A808134
A808067,"13005 BROUGHTON WAY
AUSTIN 78727
(30.423656, -97.693984)",Yes (come to the shelter),11/03/2019,Dog,Yorkshire Terrier/Miniature Poodle,Black/Tan,Intact Male,3 years,http://www.petharbor.com/pet.asp?uaid=ASTN.A808067
A808135,"6012 PERLITA DRIVE
AUSTIN 78724
(30.292023, -97.644186)",Yes (come to the shelter),11/04/2019,Dog,Border Collie,Black/White,Intact Female,3 weeks,http://www.petharbor.com/pet.asp?uaid=ASTN.A808135
A808062,"841 AIRPORT BOULEVARD
AUSTIN 78702
(30.257771, -97.693214)",Yes (come to the shelter),11/03/2019,Cat,Domestic Shorthair Mix,Cream Tabby,Unknown,3 months,http://www.petharbor.com/pet.asp?uaid=ASTN.A808062
A808063,"7111 GRAND CANYON
AUSTIN 78752
(30.32784, -97.694498)",Yes (come to the shelter),11/03/2019,Dog,Chihuahua Shorthair,Brown/Tan,Intact Male,2 years,http://www.petharbor.com/pet.asp?uaid=ASTN.A808063
A808123,"8010 MULLEN DRIVE
AUSTIN 78757
(30.355253, -97.725085)",Yes (come to the shelter),11/04/2019,Dog,Australian Cattle Dog,Tricolor,Intact Male,1 year,http://www.petharbor.com/pet.asp?uaid=ASTN.A808123
A808145,"10701 SOUTH IH
AUSTIN 78741",Yes (come to the shelter),11/04/2019,Cat,Domestic Medium Hair Mix,Black,Intact Female,2 months,http://www.petharbor.com/pet.asp?uaid=ASTN.A808145
A808058,"1125 OMEGA
AUSTIN 78721
(30.269193, -97.681588)",No (contact for more info),11/03/2019,Dog,Chihuahua Shorthair,Tricolor,Intact Male,1 year,http://www.petharbor.com/pet.asp?uaid=ASTN.A808058
A808125,"3711 SHORELINE DR78728
(30.457693, -97.687798)",Yes (come to the shelter),11/04/2019,Dog,Pit Bull,Brown/White,Neutered Male,2 years,http://www.petharbor.com/pet.asp?uaid=ASTN.A808125
A808060,"NORTH RUTLAND DRIVE
AUSTIN 78753",Yes (come to the shelter),11/03/2019,Dog,Australian Cattle Dog Mix,Tricolor,Intact Male,6 months,http://www.petharbor.com/pet.asp?uaid=ASTN.A808060
A807780,"4013 KNOLLWOOD DRIVE
AUSTIN 78731
(30.355154, -97.768135)",Yes (come to the shelter),11/04/2019,Cat,Domestic Shorthair,Gray,Spayed Female,2 years,http://www.petharbor.com/pet.asp?uaid=ASTN.A807780
A808057,"819 SUSSEX DRIVE
AUSTIN 78745
(30.206017, -97.763128)",Yes (come to the shelter),11/03/2019,Cat,Domestic Shorthair,Blue Cream,Intact Female,8 weeks,http://www.petharbor.com/pet.asp?uaid=ASTN.A808057
A808175,"7312 COIT ROAD
AUSTIN 78744
(30.159122, -97.7156)",Yes (come to the shelter),11/05/2019,Dog,Standard Schnauzer,Black/White,Intact Male,8 months,http://www.petharbor.com/pet.asp?uaid=ASTN.A808175
A808140,"5101 NESTING WAY
AUSTIN 78744
(30.184548, -97.746276)",Yes (come to the shelter),11/04/2019,Cat,Domestic Shorthair,Orange Tabby,Intact Female,8 weeks,http://www.petharbor.com/pet.asp?uaid=ASTN.A808140
A808141,"5101 NESTING WAY
AUSTIN 78744
(30.184548, -97.746276)",Yes (come to the shelter),11/04/2019,Cat,Domestic Longhair,Orange Tabby,Intact Male,8 weeks,http://www.petharbor.com/pet.asp?uaid=ASTN.A808141
A808142,"5101 NESTING WAY
AUSTIN 78744
(30.184548, -97.746276)",Yes (come to the shelter),11/04/2019,Cat,Domestic Shorthair,Orange Tabby,Intact Male,8 weeks,http://www.petharbor.com/pet.asp?uaid=ASTN.A808142
A808143,"5101 NESTING WAY
AUSTIN 78744
(30.184548, -97.746276)",Yes (come to the shelter),11/04/2019,Cat,Domestic Shorthair,Brown Tabby,Intact Male,8 weeks,http://www.petharbor.com/pet.asp?uaid=ASTN.A808143
A808177,"4434 FRONTIER TRL
AUSTIN 78745
(30.23124, -97.795476)",Yes (come to the shelter),11/05/2019,Dog,Dachshund Mix,Red,Intact Female,2 years,http://www.petharbor.com/pet.asp?uaid=ASTN.A808177
A808178,"14509 FM
AUSTIN 78724",Yes (come to the shelter),11/05/2019,Dog,Blue Lacy Mix,Blue/White,Intact Female,8 months,http://www.petharbor.com/pet.asp?uaid=ASTN.A808178
A808144,"5101 NESTING WAY
AUSTIN 78744
(30.184548, -97.746276)",Yes (come to the shelter),11/04/2019,Cat,Siamese Mix,Lynx Point,Intact Male,8 weeks,http://www.petharbor.com/pet.asp?uaid=ASTN.A808144
A807894,KILLINGSWORTH LANE78660,No (contact for more info),10/31/2019,Dog,German Shepherd/Labrador Retriever,Brown/Tricolor,Intact Male,4 weeks,http://www.petharbor.com/pet.asp?uaid=ASTN.A807894
A807895,KILLINGSWORTH LANE78660,No (contact for more info),10/31/2019,Dog,German Shepherd/Labrador Retriever,Brown/Tricolor,Intact Female,4 weeks,http://www.petharbor.com/pet.asp?uaid=ASTN.A807895
A807896,KILLINGSWORTH LANE78660,No (contact for more info),10/31/2019,Dog,German Shepherd/Labrador Retriever,Brown/Tricolor,Intact Female,4 weeks,http://www.petharbor.com/pet.asp?uaid=ASTN.A807896
A808003,"410 WEST ODELL
AUSTIN 78752
(30.337921, -97.712484)",Yes (come to the shelter),11/02/2019,Cat,Domestic Shorthair Mix,Black,Intact Male,8 weeks,http://www.petharbor.com/pet.asp?uaid=ASTN.A808003
A808174,"1909 EAST WILLIAM CANNON DRIVE
AUSTIN 78744
(30.188056, -97.764473)",Yes (come to the shelter),11/05/2019,Dog,Dachshund,Brown/Black,Spayed Female,8 years,http://www.petharbor.com/pet.asp?uaid=ASTN.A808174
A808170,"MAN O WAR AVENUE AUSTIN 78719
(30.143087, -97.673385)",Yes (come to the shelter),11/05/2019,Dog,Dachshund Mix,Fawn/White,Intact Male,7 months,http://www.petharbor.com/pet.asp?uaid=ASTN.A808170
A808179,"NORTH EAST PLEASANT VALLEY ROAD
AUSTIN 78701",Yes (come to the shelter),11/05/2019,Dog,Labrador Retriever,Cream,Intact Female,8 months,http://www.petharbor.com/pet.asp?uaid=ASTN.A808179
